{
    "Level": {
        "ImageURL": "Data/Levels/testing",
        "Lemmings": 5,
        "SaveTarget": 4,
        "Name": "TestLevel",
        "SpawnX": 150,
        "SpawnY": 10,
        "Behaviours": {
            "Basher": 10,
            "Blocker": 12,
            "Bomber": 5,
            "Builder": 3,
            "Climber": 2,
            "Digger": 6,
            "Floater": 20,
            "Miner": 4
        },
        "Traps": [ "Data/Objects/Spikes", 300, 365,
                   "Data/Objects/Spikes", 340, 365,
                   "Data/Objects/Spikes", 380, 365
        ],
        "Exit": {
            "ImageURL": "Data/Objects/Exit",
            "ExitX": 650,
            "ExitY": 344
        },
        "Entrance": {
            "ImageURL": "Data/Objects/Entrance"
        }
    }
}